tree,species,dbh_cm,height_m,model_ht,site,species_matched,wood_density,agb,prec_90m
1,Eucalyptus_cullenii,32.5,15,11.288748126437046,station_creek,Eucalyptus cullenii,0.9771175,0.8265412300301462,1129
2,Eucalyptus_cullenii,43.2,14,11.955819793824372,station_creek,Eucalyptus cullenii,0.9771175,1.3467542952286138,1129
3,Acacia_disparrima,20.9,9.5,8.645594327177324,station_creek,Racosperma disparrimum,0.6097,0.14108221185389624,1129
3,Acacia_disparrima,10.5,3.8112479865505784,3.8112479865505784,station_creek,Racosperma disparrimum,0.6097,0.01509286117154232,1129
4,Corymbia_clarksoniana,16.7,6.919828515180993,6.919828515180993,station_creek,Corymbia clarksoniana,0.8453,0.0919291549888854,1129
5,Callitris_intratropica,22.8,6,9.28570158210886,station_creek,Callitris columellaris,0.5530328371730769,0.0970743302458786,1129
6,Terminalia_subacroptera,10.5,4.5,3.8112479865505784,station_creek,Terminalia subacroptera,0.654,0.01900710053346365,1129
7,Eucalyptus_cullenii,45.3,14,12.001297171402896,station_creek,Eucalyptus cullenii,0.9771175,1.4775010080904998,1129
8,Eucalyptus_cullenii,46.2,15,12.01639790927286,station_creek,Eucalyptus cullenii,0.9771175,1.6422880691463773,1129
9,Corymbia_clarksoniana,22.8,8,9.28570158210886,station_creek,Corymbia clarksoniana,0.8453,0.19448330267354944,1129
10,Corymbia_clarksoniana,35.2,12.5,11.557424934109337,station_creek,Corymbia clarksoniana,0.8453,0.7017996126074018,1129
11,Corymbia_clarksoniana,21.1,10.5,8.7172099822226,station_creek,Corymbia clarksoniana,0.8453,0.21800064621526088,1129
12,Corymbia_clarksoniana,14.2,5,5.718178120082107,station_creek,Corymbia clarksoniana,0.8453,0.04877971345363959,1129
13,Corymbia_clarksoniana,16.2,4,6.688356713454342,station_creek,Corymbia clarksoniana,0.8453,0.05074129328742183,1129
14,Terminalia_subacroptera,43.4,11,11.9608572756563,station_creek,Terminalia subacroptera,0.654,0.7257685742052338,1129
15,Terminalia_subacroptera,16.1,5.5,6.641481156406993,station_creek,Terminalia subacroptera,0.654,0.05325213711260242,1129
16,Larsenaikia_ochreata,12.1,3.5,4.644288526065775,station_creek,Larsenaikia ochreata,0.6663,0.01997672338870994,1129
17,Eucalyptus_cullenii,24.3,8,9.728087473321368,station_creek,Eucalyptus cullenii,0.9771175,0.25370113262142585,1129
18,Corymbia_clarksoniana,21,9,8.681526616382207,station_creek,Corymbia clarksoniana,0.8453,0.18581913106414233,1129
19,Santalum_acuminatum,24.1,7,9.67225402353596,station_creek,Santalum acuminatum,0.6768730000000001,0.15314507558904905,1129
20,Eucalyptus_cullenii,24.5,15,9.782965919771966,station_creek,Eucalyptus cullenii,0.9771175,0.4761243559879024,1129
21,Corymbia_clarksoniana,17.8,9.5,7.41095937486756,station_creek,Corymbia clarksoniana,0.8453,0.1418586281316568,1129
22,Larsenaikia_ochreata,11.4,4.5,4.279991757008035,station_creek,Larsenaikia ochreata,0.6663,0.02272639157190638,1129
23,Eucalyptus_cullenii,43,16.5,11.950616838081528,station_creek,Eucalyptus cullenii,0.9771175,1.5667434493467205,1129
24,Santalum_acuminatum,13.7,5,5.466409064922514,station_creek,Santalum acuminatum,0.6768730000000001,0.03661536381505417,1129
25,Corymbia_clarksoniana,15.7,12,6.452121801714172,station_creek,Corymbia clarksoniana,0.8453,0.1394616149531058,1129
26,Brachychiton_diversifolius,39.3,13,11.818153524239571,station_creek,Brachychiton diversifolius,0.387225,0.4220173455862597,1129
27,Corymbia_clarksoniana,27,12.5,10.391147494117908,station_creek,Corymbia clarksoniana,0.8453,0.41819988848832246,1129
28,Acacia_disparrima,24.3,6,9.728087473321368,station_creek,Racosperma disparrimum,0.6097,0.12091147996711972,1129
29,Eucalyptus_cullenii,26.2,12.5,10.211799491109335,station_creek,Eucalyptus cullenii,0.9771175,0.4542672481261993,1129
30,Corymbia_clarksoniana,22.7,8.5,9.254249707814106,station_creek,Corymbia clarksoniana,0.8453,0.20457521538089984,1129
31,Eucalyptus_cullenii,11.5,4.5,4.332101631792116,station_creek,Eucalyptus cullenii,0.9771175,0.03359082965375066,1129
32,Larsenaikia_ochreata,16,4,6.594417384582216,station_creek,Larsenaikia ochreata,0.6663,0.03926174152968392,1129
33,Eucalyptus_cullenii,45.4,4.5,12.0030913014965,station_creek,Eucalyptus cullenii,0.9771175,0.4901303218773379,1129
34,Acacia_disparrima,11,5.5,4.071516674079509,station_creek,Racosperma disparrimum,0.6097,0.02364182383713417,1129
35,Terminalia_subacroptera,24.6,7,9.81004887468221,station_creek,Terminalia subacroptera,0.654,0.15414873415092883,1129
36,Corymbia_clarksoniana,14.6,6.5,5.917249706362318,station_creek,Corymbia clarksoniana,0.8453,0.06652699131630259,1129
37,Eucalyptus_cullenii,13.9,5.5,5.567482110422606,station_creek,Eucalyptus cullenii,0.9771175,0.05915098864129214,1129
38,Eucalyptus_cullenii,15.3,10,6.25991583366954,station_creek,Eucalyptus cullenii,0.9771175,0.1278559094288255,1129
39,Eucalyptus_cullenii,16.8,7,6.965525887207932,station_creek,Eucalyptus cullenii,0.9771175,0.10834840880722374,1129
40,Corymbia_clarksoniana,19.7,9.5,8.195104717308322,station_creek,Corymbia clarksoniana,0.8453,0.17291552379463626,1129
41,Acacia_disparrima,16.1,6,6.641481156406993,station_creek,Racosperma disparrimum,0.6097,0.05413625397789502,1129
41,Acacia_disparrima,14.6,5.917249706362318,5.917249706362318,station_creek,Racosperma disparrimum,0.6097,0.04412596989041597,1129
42,Larsenaikia_ochreata,12.7,4,4.954899979477703,station_creek,Larsenaikia ochreata,0.6663,0.02501221866765504,1129
43,Ficus_opposita,17.2,4.5,7.14625512760657,station_creek,Ficus opposita,0.441,0.03390580573312771,1129
44,Larsenaikia_ochreata,12.1,4,4.644288526065775,station_creek,Larsenaikia ochreata,0.6663,0.0227574918759607,1129
45,Larsenaikia_ochreata,10.1,3.5,3.603730784131032,station_creek,Larsenaikia ochreata,0.6663,0.01403985216637931,1129
46,Eucalyptus_cullenii,31.4,12.5,11.150760440916834,station_creek,Eucalyptus cullenii,0.9771175,0.6468356956533927,1129
47,Eucalyptus_cullenii,43,5.5,11.950616838081528,station_creek,Eucalyptus cullenii,0.9771175,0.5362009053789982,1129
48,Corymbia_clarksoniana,32.9,9.5,11.334541849166596,station_creek,Corymbia clarksoniana,0.8453,0.4705462361642768,1129
1,Syzygium_trachyphloium,34.6,20,NA,mtlwrf,Syzygium trachyphloium,0.473775,0.4973530295324821,2630
2,Syzygium_trachyphloium,17.8,17,NA,mtlwrf,Syzygium trachyphloium,0.473775,0.09446833233247268,2630
3,Syzygium_trachyphloium,12.5,8,NA,mtlwrf,Syzygium trachyphloium,0.473775,0.03841060695040081,2630
4,Syzygium_trachyphloium,41,30,NA,mtlwrf,Syzygium trachyphloium,0.473775,0.7551521580532642,2630
5,Beilschmiedia_recurva,45.9,32,NA,mtlwrf,Beilschmiedia recurva,0.58685,1.2122158036837138,2630
6,Endiandra_monothyra,13.3,15,NA,mtlwrf,Endiandra monothyra,0.65125,0.06033371835392516,2630
7,Gossia_lewisensis,10.2,18,NA,mtlwrf,Gossia lewisensis,0.7795,0.03600356416878933,2630
8,Endiandra_monothyra,28,27.5,NA,mtlwrf,Endiandra monothyra,0.65125,0.3944800806777097,2630
9,Syzygium_trachyphloium,36.9,32,NA,mtlwrf,Syzygium trachyphloium,0.473775,0.5828764508108359,2630
10,Doryphora_aromatica,30.4,28,NA,mtlwrf,Doryphora aromatica,0.4783866666666666,0.36430612352617703,2630
11,Oraniopsis_appendiculata,14.8,3,NA,mtlwrf,Oraniopsis appendiculata,0.6602,0.0802484485449138,2630
12,Syzygium_trachyphloium,27,24,NA,mtlwrf,Syzygium trachyphloium,0.473775,0.2688739737866172,2630
13,Doryphora_aromatica,17.9,15,NA,mtlwrf,Doryphora aromatica,0.4783866666666666,0.09667447885565109,2630
14,Neisosperma_poweri,10.8,6.5,NA,mtlwrf,Ochrosia poweri,0.5753,0.03154647746198033,2630
15,Syzygium_trachyphloium,11.7,8,NA,mtlwrf,Syzygium trachyphloium,0.473775,0.03241638189569296,2630
16,Oraniopsis_appendiculata,13.2,2,NA,mtlwrf,Oraniopsis appendiculata,0.6602,0.05992861688806676,2630
17,Beilschmiedia_recurva,32.6,30,NA,mtlwrf,Beilschmiedia recurva,0.58685,0.5227610238657748,2630
18,Daphnandra_repandula,18.2,24,NA,mtlwrf,Daphnandra repandula,0.5758916666666667,0.11959105617308025,2630
19,Endiandra_bessaphila,33.6,22,NA,mtlwrf,Endiandra bessaphila,0.65125,0.6199563430808918,2630
20,Daphnandra_repandula,14.5,24,NA,mtlwrf,Daphnandra repandula,0.5758916666666667,0.06717019252410737,2630
21,Endiandra_monothyra,10.5,9,NA,mtlwrf,Endiandra monothyra,0.65125,0.03288364832568719,2630
22,Synima_cordierorum,15.7,14,NA,mtlwrf,Synima cordieri,0.8056988888888889,0.11201011473786934,2630
23,Daphnandra_repandula,17.3,24,NA,mtlwrf,Daphnandra repandula,0.5758916666666667,0.10519007705538698,2630
24,Daphnandra_repandula,10.4,18,NA,mtlwrf,Daphnandra repandula,0.5758916666666667,0.0286494134845836,2630
25,Neolitsea_dealbata,11.5,18,NA,mtlwrf,Neolitsea dealbata,0.486325,0.03176694019513782,2630
26,Cupaniopsis_flagelliformis,11.1,16,NA,mtlwrf,Cupaniopsis flagelliformis,0.7011000000000001,0.04060879870561893,2630
27,Neolitsea_dealbata,18,22,NA,mtlwrf,Neolitsea dealbata,0.486325,0.09954236309917176,2630
28,Endiandra_bessaphila,14.1,28,NA,mtlwrf,Endiandra bessaphila,0.65125,0.07003985702010915,2630
29,Endiandra_bessaphila,23.9,30,NA,mtlwrf,Endiandra bessaphila,0.65125,0.2657358081185668,2630
31,Cryptocarya_oblata,18.9,26,NA,mtlwrf,Cryptocarya oblata,0.4732396680999999,0.10980969175320188,2630
32,Neolitsea_dealbata,11.1,16,NA,mtlwrf,Neolitsea dealbata,0.486325,0.02900264562784591,2630
33,Citronella_smythii,11.1,9,NA,mtlwrf,Citronella smythii,0.58296062225,0.03426665994122464,2630
34,Xanthophyllum_octandrum,60.4,35,NA,mtlwrf,Xanthophyllum octandrum,0.6807666666666666,2.7076918088185793,2630
35,Daphnandra_repandula,14.6,18,NA,mtlwrf,Daphnandra repandula,0.5758916666666667,0.06835697647770345,2630
36,Daphnandra_repandula,11.4,16,NA,mtlwrf,Daphnandra repandula,0.5758916666666667,0.03628978608228319,2630
37,Claoxylon_tenerifolium,14.7,18,NA,mtlwrf,Claoxylon tenerifolium,0.4338,0.05359190188949331,2630
38,Endiandra_monothyra,21.7,22,NA,mtlwrf,Endiandra monothyra,0.65125,0.20859826206603344,2630
39,Castanospora_alphandii,15.5,14,NA,mtlwrf,Castanospora alphandi,0.59775125,0.08237465685138673,2630
39,Castanospora_alphandii,11.6,NA,NA,mtlwrf,Castanospora alphandi,0.59775125,0.03927216023615079,2630
40,Oraniopsis_appendiculata,19.2,1.5,NA,mtlwrf,Oraniopsis appendiculata,0.6602,0.15522461029437903,2630
41,Castanospora_alphandii,23.2,22,NA,mtlwrf,Castanospora alphandi,0.59775125,0.2279642304699563,2630
42,Apodytes_brachystylis,15.1,15,NA,mtlwrf,Apodytes brachystylis,0.55548875,0.07204533794326623,2630
43,Daphnandra_repandula,14.3,22,NA,mtlwrf,Daphnandra repandula,0.5758916666666667,0.0648335302889863,2630
44,Beilschmiedia_recurva,50.3,32,NA,mtlwrf,Beilschmiedia recurva,0.58685,1.515347723934211,2630
45,Endiandra_bessaphila,19.8,28,NA,mtlwrf,Endiandra bessaphila,0.65125,0.16565341831187408,2630
46,Oraniopsis_appendiculata,12.6,5.5,NA,mtlwrf,Oraniopsis appendiculata,0.6602,0.0532017338784745,2630
47,Endiandra_dielsiana,62.2,32,NA,mtlwrf,Endiandra dielsiana,0.6500275,2.7857556812341717,2630
48,Apodytes_brachystylis,26,14,NA,mtlwrf,Apodytes brachystylis,0.55548875,0.28332021194210383,2630
48,Apodytes_brachystylis,13.6,NA,NA,mtlwrf,Apodytes brachystylis,0.55548875,0.05517638651974218,2630
49,Sloanea_australis,57.9,28,NA,mtlwrf,Sloanea australis,0.5009891389166666,1.8434899681387436,2630
49,Sloanea_australis,26.5,NA,NA,mtlwrf,Sloanea australis,0.5009891389166666,0.2701710781019497,2630
50,Endiandra_dielsiana,33,28,NA,mtlwrf,Endiandra dielsiana,0.6500275,0.5919239116051365,2630
51,Elaeocarpus_largiflorens,42.5,32,NA,mtlwrf,Elaeocarpus largiflorens,0.3954114867,0.6982740244342887,2630
52,Placospermum_coriaceum,16.8,24,NA,mtlwrf,Placospermum coriaceum,0.5940449999999999,0.1004863614473997,2630
53,Endiandra_monothyra,10.8,10,NA,mtlwrf,Endiandra monothyra,0.65125,0.03535970660103878,2630
54,Melicope_jonesii,52.8,30,NA,mtlwrf,Melicope jonesii,0.53395,1.5630966639220276,2630
55,Endiandra_monothyra,22.9,20,NA,mtlwrf,Endiandra monothyra,0.65125,0.23875910243045215,2630
56,Syzygium_trachyphloium,13,17,NA,mtlwrf,Syzygium trachyphloium,0.473775,0.04246825958203303,2630
57,Endiandra_bessaphila,22.3,24,NA,mtlwrf,Endiandra bessaphila,0.65125,0.2233800312601661,2630
58,Endiandra_sankeyana,19.9,22,NA,mtlwrf,Endiandra pubens,0.6599724974529,0.16983623832444245,2630
59,Endiandra_bessaphila,16.4,23,NA,mtlwrf,Endiandra bessaphila,0.65125,0.10287474699067858,2630
60,Endiandra_bessaphila,13.1,16,NA,mtlwrf,Endiandra bessaphila,0.65125,0.0580406763446949,2630
61,Athertonia_diversifolia,39.9,23,NA,mtlwrf,Athertonia diversifolia,0.58775,0.8613946427674433,2630
62,Doryphora_aromatica,11.3,14,NA,mtlwrf,Doryphora aromatica,0.4783866666666666,0.02990957989200143,2630
63,Syzygium_trachyphloium,63.7,27,NA,mtlwrf,Syzygium trachyphloium,0.473775,2.2055438228933824,2630
64,Neolitsea_dealbata,22.6,22,NA,mtlwrf,Neolitsea dealbata,0.486325,0.17656161881497345,2630
65,Beilschmiedia_recurva,15.3,15,NA,mtlwrf,Beilschmiedia recurva,0.58685,0.07835998024864148,2630
66,Cardwellia_sublimis,32.9,26,NA,mtlwrf,Cardwellia sublimis,0.4991941851666667,0.46077631338544567,2630
67,Acronychia_acidula,26.3,20,NA,mtlwrf,Acronychia acidula,0.5446711111111111,0.28631583513037895,2630
68,Doryphora_aromatica,18.6,22,NA,mtlwrf,Doryphora aromatica,0.4783866666666666,0.10651690537910188,2630
69,Endiandra_bessaphila,11.1,18,NA,mtlwrf,Endiandra bessaphila,0.65125,0.03794398531071632,2630
70,Synima_cordierorum,18.5,20,NA,mtlwrf,Synima cordieri,0.8056988888888889,0.16976196132481716,2630
71,Synima_cordierorum,10.8,19,NA,mtlwrf,Synima cordieri,0.8056988888888889,0.0430092088010969,2630
72,Oraniopsis_appendiculata,13.2,6,NA,mtlwrf,Oraniopsis appendiculata,0.6602,0.05992861688806676,2630
73,Neolitsea_dealbata,23.4,23,NA,mtlwrf,Neolitsea dealbata,0.486325,0.192644751074551,2630
74,Daphnandra_repandula,13.7,20,NA,mtlwrf,Daphnandra repandula,0.5758916666666667,0.05811599979451859,2630
75,Beilschmiedia_recurva,19.6,27,NA,mtlwrf,Beilschmiedia recurva,0.58685,0.14671488357312734,2630
76,Castanospora_alphandii,14.8,20,NA,mtlwrf,Castanospora alphandi,0.59775125,0.07323587135436987,2630
78,Syzygium_trachyphloium,67.2,25,NA,mtlwrf,Syzygium trachyphloium,0.473775,2.508965211689318,2630
79,Synima_cordierorum,25.5,23,NA,mtlwrf,Synima cordieri,0.8056988888888889,0.38005519028487506,2630
80,Beilschmiedia_recurva,23.7,20,NA,mtlwrf,Beilschmiedia recurva,0.58685,0.23642957433080863,2630
81,Syzygium_trachyphloium,15.6,12,NA,mtlwrf,Syzygium trachyphloium,0.473775,0.06760788489016971,2630
82,Endiandra_monothyra,10.3,8,NA,mtlwrf,Endiandra monothyra,0.65125,0.03129234762947926,2630
83,Endiandra_monothyra,13.4,17,NA,mtlwrf,Endiandra monothyra,0.65125,0.06150010463219448,2630
84,Apodytes_brachystylis,19.4,18,NA,mtlwrf,Apodytes brachystylis,0.55548875,0.13592335865122482,2630
84,Apodytes_brachystylis,11.1,NA,NA,mtlwrf,Apodytes brachystylis,0.55548875,0.03277781500198332,2630
84,Apodytes_brachystylis,19.7,NA,NA,mtlwrf,Apodytes brachystylis,0.55548875,0.14128490929423854,2630
85,Athertonia_diversifolia,39.1,25,NA,mtlwrf,Athertonia diversifolia,0.58775,0.8195895000246082,2630
86,Endiandra_bessaphila,27.6,24,NA,mtlwrf,Endiandra bessaphila,0.65125,0.38060431065702754,2630
87,Doryphora_aromatica,43.9,27,NA,mtlwrf,Doryphora aromatica,0.4783866666666666,0.9007709432446752,2630
88,Apodytes_brachystylis,26.7,20,NA,mtlwrf,Apodytes brachystylis,0.55548875,0.30272497979673424,2630
88,Apodytes_brachystylis,36.5,NA,NA,mtlwrf,Apodytes brachystylis,0.55548875,0.656914448216261,2630
89,Synoum_glandulosum,23.1,18,NA,mtlwrf,Synoum glandulosum,0.5431647000000001,0.2064879639657971,2630
90,Doryphora_aromatica,13.8,16,NA,mtlwrf,Doryphora aromatica,0.4783866666666666,0.04991432493853025,2630
92,Castanospora_alphandii,39.5,28,NA,mtlwrf,Castanospora alphandi,0.59775125,0.8534918530940989,2630
93,Apodytes_brachystylis,33.7,18,NA,mtlwrf,Apodytes brachystylis,0.55548875,0.5394949070833869,2630
94,Beilschmiedia_recurva,56.5,32,NA,mtlwrf,Beilschmiedia recurva,0.58685,2.0096104647457564,2630
95,Cryptocarya_grandis,20.7,21,NA,mtlwrf,Cryptocarya grandis,0.6922316619062667,0.1959736096286215,2630
96,Synoum_glandulosum,10.5,8.5,NA,mtlwrf,Synoum glandulosum,0.5431647000000001,0.02782598353933612,2630
97,Syzygium_trachyphloium,17.3,27,NA,mtlwrf,Syzygium trachyphloium,0.473775,0.08789570238736097,2630
98,Endiandra_monothyra,10.2,12,NA,mtlwrf,Endiandra monothyra,0.65125,0.03051435476734439,2630
99,Doryphora_aromatica,20.2,21,NA,mtlwrf,Doryphora aromatica,0.4783866666666666,0.13115895861904356,2630
100,Gossia_lewisensis,11.1,9.5,NA,mtlwrf,Gossia lewisensis,0.7795,0.04476970659776025,2630
101,Syzygium_trachyphloium,75.4,28,NA,mtlwrf,Syzygium trachyphloium,0.473775,3.3082670723715646,2630
102,Synoum_glandulosum,13.2,18,NA,mtlwrf,Synoum glandulosum,0.5431647000000001,0.05007832864675726,2630
103,Apodytes_brachystylis,11.1,22,NA,mtlwrf,Apodytes brachystylis,0.55548875,0.03277781500198332,2630
104,Syzygium_trachyphloium,48.2,28,NA,mtlwrf,Syzygium trachyphloium,0.473775,1.1216447052660825,2630
105,Oraniopsis_appendiculata,14.8,5,NA,mtlwrf,Oraniopsis appendiculata,0.6602,0.0802484485449138,2630
106,Xanthophyllum_octandrum,38,35,NA,mtlwrf,Xanthophyllum octandrum,0.6807666666666666,0.874668895646954,2630
107,Endiandra_monothyra,10.3,12,NA,mtlwrf,Endiandra monothyra,0.65125,0.03129234762947926,2630
108,Sloanea_langii,22.9,26,NA,mtlwrf,Sloanea langii,0.5855225,0.21649169280879063,2630
109,Syzygium_trachyphloium,23.2,26,NA,mtlwrf,Syzygium trachyphloium,0.473775,0.18406467186785855,2630
110,Syzygium_trachyphloium,10.5,12,NA,mtlwrf,Syzygium trachyphloium,0.473775,0.02453725034371365,2630
111,Litsea_leefeana,25.6,24,NA,mtlwrf,Litsea leefeana,0.4270594375,0.2139909448582378,2630
111,Litsea_leefeana,20.2,NA,NA,mtlwrf,Litsea leefeana,0.4270594375,0.11815139775345387,2630
111,Litsea_leefeana,29.6,NA,NA,mtlwrf,Litsea leefeana,0.4270594375,0.30716057918075546,2630
112,Daphnandra_repandula,16.1,22,NA,mtlwrf,Daphnandra repandula,0.5758916666666667,0.08766199398055989,2630
113,Hylandia_dockrillii,45.2,27,NA,mtlwrf,Hylandia dockrillii,0.47654,0.9639597887322724,2630
114,Sloanea_langii,48.7,32,NA,mtlwrf,Sloanea langii,0.5855225,1.397704057813374,2630
115,Syzygium_trachyphloium,26.1,27,NA,mtlwrf,Syzygium trachyphloium,0.473775,0.24708440765876,2630
116,Syzygium_trachyphloium,41.5,30,NA,mtlwrf,Syzygium trachyphloium,0.473775,0.7779360128697539,2630
117,Synoum_glandulosum,34.9,26,NA,mtlwrf,Synoum glandulosum,0.5431647000000001,0.5761599127160459,2630
118,Apodytes_brachystylis,16.6,21,NA,mtlwrf,Apodytes brachystylis,0.55548875,0.09164306834925408,2630
119,Archidendron_vaillantii,21,12,NA,mtlwrf,Archidendron vaillantii,0.553015,0.1652639868509572,2630
120,Beilschmiedia_bancroftii,11,12,NA,mtlwrf,Beilschmiedia bancroftii,0.5553684444285715,0.03201682791922348,2630
121,Cryptocarya_oblata,29.9,27,NA,mtlwrf,Cryptocarya oblata,0.4732396680999999,0.34615686878841734,2630
122,Gossia_lewisensis,11.5,10,NA,mtlwrf,Gossia lewisensis,0.7795,0.04903678823974054,2630
123,Syzygium_trachyphloium,42.3,27,NA,mtlwrf,Syzygium trachyphloium,0.473775,0.815205220225895,2630
124,Doryphora_aromatica,39.2,28,NA,mtlwrf,Doryphora aromatica,0.4783866666666666,0.682402352418958,2630
125,Neolitsea_dealbata,15.1,14,NA,mtlwrf,Neolitsea dealbata,0.486325,0.06374755014574704,2630
126,Daphnandra_repandula,13.7,14,NA,mtlwrf,Daphnandra repandula,0.5758916666666667,0.05811599979451859,2630
127,Litsea_leefeana,13.5,16,NA,mtlwrf,Litsea leefeana,0.4270594375,0.04250947449469847,2630
128,Synoum_glandulosum,17.8,12,NA,mtlwrf,Synoum glandulosum,0.5431647000000001,0.10712994421338554,2630
129,Cryptocarya_oblata,27.4,32,NA,mtlwrf,Cryptocarya oblata,0.4732396680999999,0.2786148129564978,2630
130,Beilschmiedia_recurva,11.5,13,NA,mtlwrf,Beilschmiedia recurva,0.58685,0.03776305160431665,2630
130,Castanospora_alphandii,11.5,14,NA,mtlwrf,Castanospora alphandi,0.59775125,0.03840810485102193,2630
131,Syzygium_trachyphloium,60.4,28,NA,mtlwrf,Syzygium trachyphloium,0.473775,1.9396800194667472,2630
132,Ficus_triradiata,63.6,33,NA,mtlwrf,Ficus triradiata,0.441,2.056930046115765,2630
133,Syzygium_trachyphloium,34.9,27,NA,mtlwrf,Syzygium trachyphloium,0.473775,0.5080639825844991,2630
134,Doryphora_aromatica,19.9,21,NA,mtlwrf,Doryphora aromatica,0.4783866666666666,0.12630786950252698,2630
135,Oraniopsis_appendiculata,20.8,6.5,NA,mtlwrf,Oraniopsis appendiculata,0.6602,0.1899013129252694,2630
136,Syzygium_NA,48.9,27,NA,mtlwrf,NA,NA,NA,2630
137,Syzygium_trachyphloium,14.3,17,NA,mtlwrf,Syzygium trachyphloium,0.473775,0.05417420390330303,2630
138,Syzygium_trachyphloium,17.7,25,NA,mtlwrf,Syzygium trachyphloium,0.473775,0.0931313896082862,2630
139,Diospyros_hemicycloides,12.4,11,NA,mtlwrf,Diospyros hemicycloides,1.0118375,0.07564234898012726,2630
140,Syzygium_trachyphloium,16.6,13,NA,mtlwrf,Syzygium trachyphloium,0.473775,0.07916048825628749,2630
141,Endiandra_sankeyana,28,22,NA,mtlwrf,Endiandra pubens,0.6599724974529,0.3993395213559652,2630
142,Endiandra_sankeyana,13.1,14,NA,mtlwrf,Endiandra pubens,0.6599724974529,0.05875565597849117,2630
143,Pleioluma_macrocarpa,29.1,28,NA,mtlwrf,Pleioluma macrocarpa,0.7334,0.4842943613908456,2630
144,Goniothalamus_australis,18.8,16,NA,mtlwrf,Goniothalamus australis,0.46,0.10555629855744328,2630
145,Sloanea_langii,32.9,32,NA,mtlwrf,Sloanea langii,0.5855225,0.5336280019122227,2630
146,Cryptocarya_murrayi,26.7,26,NA,mtlwrf,Cryptocarya murrayi,0.6635506307308,0.3565244681977965,2630
147,Oraniopsis_appendiculata,17.2,2,NA,mtlwrf,Oraniopsis appendiculata,0.6602,0.1175440040375825,2630
149,Neolitsea_dealbata,13.7,14,NA,mtlwrf,Neolitsea dealbata,0.486325,0.04974361633590101,2630
150,Apodytes_brachystylis,18.6,26,NA,mtlwrf,Apodytes brachystylis,0.55548875,0.12221888979308668,2630
151,Syzygium_trachyphloium,14,16,NA,mtlwrf,Syzygium trachyphloium,0.473775,0.05132208035546758,2630
152,Diospyros_hemicycloides,27.5,16,NA,mtlwrf,Diospyros hemicycloides,1.0118375,0.5657810651592007,2630
153,Syzygium_kuranda,27.7,26,NA,mtlwrf,Syzygium kuranda,0.6855122127142856,0.4026008277093637,2630
154,Cardwellia_sublimis,30.9,25,NA,mtlwrf,Cardwellia sublimis,0.4991941851666667,0.3945028000237866,2630
155,Goniothalamus_australis,15.9,15,NA,mtlwrf,Goniothalamus australis,0.46,0.06905983522363689,2630
156,Mischocarpus_macrocarpus,17,18,NA,mtlwrf,Mischocarpus macrocarpus,0.8059,0.13709750884384636,2630
157,Neolitsea_dealbata,15.3,13,NA,mtlwrf,Neolitsea dealbata,0.486325,0.06591778737410696,2630
158,Ficus_crassipes,24.5,NA,NA,mtlwrf,Ficus crassipes,0.4155,0.1869723001546242,2630
159,Elaeocarpus_largiflorens,22.6,16,NA,mtlwrf,Elaeocarpus largiflorens,0.3954114867,0.1459445893550171,2630
160,Sapindaceae_NA,11.8,15,NA,mtlwrf,NA,NA,NA,2630
161,Doryphora_aromatica,11.1,14,NA,mtlwrf,Doryphora aromatica,0.4783866666666666,0.0285667086733548,2630
162,Doryphora_aromatica,48.9,33,NA,mtlwrf,Doryphora aromatica,0.4783866666666666,1.1721641657338318,2630
163,Polyosma_rhytophloia,17.8,16,NA,mtlwrf,Polyosma rhytophloia,0.5888,0.11538583456342748,2630
164,Doryphora_aromatica,15.4,14,NA,mtlwrf,Doryphora aromatica,0.4783866666666666,0.06601172648837204,2630
165,Syzygium_cormiflorum,29.1,21,NA,mtlwrf,Syzygium cormiflorum,0.661161407388889,0.4402182731435848,2630
166,Endiandra_sankeyana,16.4,19,NA,mtlwrf,Endiandra pubens,0.6599724974529,0.10414201942033564,2630
167,Cupaniopsis_flagelliformis,12.3,16,NA,mtlwrf,Cupaniopsis flagelliformis,0.7011000000000001,0.05286019912310373,2630
168,Elaeocarpus_largiflorens,17.7,16,NA,mtlwrf,Elaeocarpus largiflorens,0.3954114867,0.07885632867910305,2630
169,Doryphora_aromatica,10.3,15,NA,mtlwrf,Doryphora aromatica,0.4783866666666666,0.02355892168723283,2630
170,Syzygium_trachyphloium,11.5,16,NA,mtlwrf,Syzygium trachyphloium,0.473775,0.03101177409234544,2630
171,Mischocarpus_macrocarpus,11.3,14,NA,mtlwrf,Mischocarpus macrocarpus,0.8059,0.04833320524061425,2630
172,Doryphora_aromatica,17,14,NA,mtlwrf,Doryphora aromatica,0.4783866666666666,0.08483875367557316,2630
173,Beilschmiedia_recurva,14.8,19,NA,mtlwrf,Beilschmiedia recurva,0.58685,0.07200589562982768,2630
173,Syzygium_trachyphloium,11.3,10,NA,mtlwrf,Syzygium trachyphloium,0.473775,0.02964414641137751,2630
174,Archidendron_vaillantii,60.5,28,NA,mtlwrf,Archidendron vaillantii,0.553015,2.24529814849796,2630
175,Ficus_crassipes,66.2,32,NA,mtlwrf,Ficus crassipes,0.4155,2.144672250385116,2630
176,Syzygium_trachyphloium,49,28,NA,mtlwrf,Syzygium trachyphloium,0.473775,1.1675589134749276,2630
177,Athertonia_diversifolia,50.9,26,NA,mtlwrf,Athertonia diversifolia,0.58775,1.5619120683732617,2630
178,Endiandra_bessaphila,13.7,16,NA,mtlwrf,Endiandra bessaphila,0.65125,0.06507927144891724,2630
179,Argyrodendron_sp.,10.5,8.5,NA,mtlwrf,NA,NA,NA,2630
180,Doryphora_aromatica,16.1,22,NA,mtlwrf,Doryphora aromatica,0.4783866666666666,0.07390529862904756,2630
181,Oraniopsis_appendiculata,12.3,6,NA,mtlwrf,Oraniopsis appendiculata,0.6602,0.05001572327295629,2630
182,Melicope_jonesii,17.2,22,NA,mtlwrf,Melicope jonesii,0.53395,0.0966891695605356,2630
183,Cryptocarya_angulata,13.5,28,NA,mtlwrf,Cryptocarya angulata,0.6512112475,0.06267636310664068,2630
184,Doryphora_aromatica,14.6,22,NA,mtlwrf,Doryphora aromatica,0.4783866666666666,0.05762979520045806,2630
185,Syzygium_trachyphloium,12.6,7,NA,mtlwrf,Syzygium trachyphloium,0.473775,0.03920276758181172,2630
186,Citronella_smythii,13.1,10,NA,mtlwrf,Citronella smythii,0.58296062225,0.05241568862036851,2630
187,Syzygium_johnsonii,49,24,NA,mtlwrf,Syzygium johnsonii,0.70308375,1.6789560145709752,2630
188,Doryphora_aromatica,13.1,11,NA,mtlwrf,Doryphora aromatica,0.4783866666666666,0.04369680935637266,2630
189,Cryptocarya_grandis,25.8,32,NA,mtlwrf,Cryptocarya grandis,0.6922316619062667,0.3403002767478671,2630
190,Apodytes_brachystylis,14.8,15,NA,mtlwrf,Apodytes brachystylis,0.55548875,0.06845713879428764,2630
191,Cryptocarya_oblata,22,28,NA,mtlwrf,Cryptocarya oblata,0.4732396680999999,0.16094469590112817,2630
192,Syzygium_kuranda,17.7,21,NA,mtlwrf,Syzygium kuranda,0.6855122127142856,0.13084028861487407,2630
193,Endiandra_monothyra,15.6,16,NA,mtlwrf,Endiandra monothyra,0.65125,0.09060485097677032,2630
194,Athertonia_diversifolia,73.8,27,NA,mtlwrf,Athertonia diversifolia,0.58775,3.831941821682339,2630
195,Doryphora_aromatica,21,25,NA,mtlwrf,Doryphora aromatica,0.4783866666666666,0.14462460183106954,2630
196,Daphnandra_repandula,10.2,11,NA,mtlwrf,Daphnandra repandula,0.5758916666666667,0.02724941745515436,2630
197,Synima_cordierorum,23.6,23,NA,mtlwrf,Synima cordieri,0.8056988888888889,0.3131633214930838,2630
198,Doryphora_aromatica,10.2,9,NA,mtlwrf,Doryphora aromatica,0.4783866666666666,0.02297319788250957,2630
199,Athertonia_diversifolia,33.9,27,NA,mtlwrf,Athertonia diversifolia,0.58775,0.5766311920254562,2630
1,Eucalyptus_resinifera,96.5,19,NA,mlsc,Eucalyptus resinifera,0.8205461000000001,7.345822132734951,2189
2,Allocasuarina_torulosa,46,18,NA,mlsc,Allocasuarina torulosa,0.8239891190357143,1.6474175111351483,2189
3,Eucalyptus_resinifera,72,27.5,NA,mlsc,Eucalyptus resinifera,0.8205461000000001,5.949511665852264,2189
4,Allocasuarina_torulosa,44,18,NA,mlsc,Allocasuarina torulosa,0.8239891190357143,1.510497514692485,2189
5,Banksia_aquilonia,33.5,4.5,NA,mlsc,Banksia aquilonia,0.5469,0.1536866252626692,2189
6,Allocasuarina_torulosa,10.9,4.5,NA,mlsc,Allocasuarina torulosa,0.8239891190357143,0.0256180673443714,2189
7,Allocasuarina_torulosa,14.1,4.5,NA,mlsc,Allocasuarina torulosa,0.8239891190357143,0.04234143248791284,2189
8,Allocasuarina_torulosa,13.5,4,NA,mlsc,Allocasuarina torulosa,0.8239891190357143,0.03467180833380116,2189
9,Allocasuarina_torulosa,20.6,9,NA,mlsc,Allocasuarina torulosa,0.8239891190357143,0.17456771567090493,2189
10,Allocasuarina_torulosa,19.2,7,NA,mlsc,Allocasuarina torulosa,0.8239891190357143,0.11906225701593724,2189
11,Allocasuarina_torulosa,22.9,8.5,NA,mlsc,Allocasuarina torulosa,0.8239891190357143,0.2029860341413584,2189
12,Allocasuarina_torulosa,19.4,7,NA,mlsc,Allocasuarina torulosa,0.8239891190357143,0.12149519137067304,2189
13,Allocasuarina_torulosa,19.2,10,NA,mlsc,Allocasuarina torulosa,0.8239891190357143,0.16863915755071693,2189
14,Eucalyptus_resinifera,126.3,28,NA,mlsc,Eucalyptus resinifera,0.8205461000000001,18.136152422352673,2189
15,Allocasuarina_torulosa,28.1,9,NA,mlsc,Allocasuarina torulosa,0.8239891190357143,0.3200146432334425,2189
16,Allocasuarina_torulosa,20.9,6.5,NA,mlsc,Allocasuarina torulosa,0.8239891190357143,0.13070235480295972,2189
17,Eucalyptus_resinifera,25.4,18,NA,mlsc,Eucalyptus resinifera,0.8205461000000001,0.514708046918489,2189
18,Eucalyptus_resinifera,18.6,16.5,NA,mlsc,Eucalyptus resinifera,0.8205461000000001,0.2573553345490672,2189
19,Allocasuarina_torulosa,17.6,7.5,NA,mlsc,Allocasuarina torulosa,0.8239891190357143,0.10746200671546571,2189
20,Allocasuarina_torulosa,16,3.5,NA,mlsc,Allocasuarina torulosa,0.8239891190357143,0.04240402120237652,2189
21,Allocasuarina_torulosa,27.7,14,NA,mlsc,Allocasuarina torulosa,0.8239891190357143,0.4789563081890046,2189
22,Allocasuarina_torulosa,12,4.5,NA,mlsc,Allocasuarina torulosa,0.8239891190357143,0.0309066284546923,2189
23,Allocasuarina_torulosa,25.3,16,NA,mlsc,Allocasuarina torulosa,0.8239891190357143,0.4571584862106305,2189
24,Allocasuarina_torulosa,22.3,9,NA,mlsc,Allocasuarina torulosa,0.8239891190357143,0.2037915664033488,2189
25,Allocasuarina_torulosa,23.8,14,NA,mlsc,Allocasuarina torulosa,0.8239891190357143,0.35616694285686185,2189
26,Eucalyptus_resinifera,84.1,28.5,NA,mlsc,Eucalyptus resinifera,0.8205461000000001,8.342763749162161,2189
27,Allocasuarina_torulosa,18.5,4.5,NA,mlsc,Allocasuarina torulosa,0.8239891190357143,0.07194639750367468,2189
28,Banksia_aquilonia,61.8,28,NA,mlsc,Banksia aquilonia,0.5469,3.0244676206726915,2189
29,Allocasuarina_torulosa,14.3,4.5,NA,mlsc,Allocasuarina torulosa,0.8239891190357143,0.04352169330061433,2189
30,Eucalyptus_resinifera,18.7,13,NA,mlsc,Eucalyptus resinifera,0.8205461000000001,0.20607395491074595,2189
31,Eucalyptus_resinifera,33.3,17.5,NA,mlsc,Eucalyptus resinifera,0.8205461000000001,0.8495635236681377,2189
32,Allocasuarina_torulosa,17.1,9,NA,mlsc,Allocasuarina torulosa,0.8239891190357143,0.12136781189907324,2189
33,Allocasuarina_torulosa,20.5,13,NA,mlsc,Allocasuarina torulosa,0.8239891190357143,0.2475749352801805,2189
34,Banksia_aquilonia,41.9,18,NA,mlsc,Banksia aquilonia,0.5469,0.9202820161072424,2189
35,Eucalyptus_resinifera,44,26,NA,mlsc,Eucalyptus resinifera,0.8205461000000001,2.153838770791631,2189
35,Eucalyptus_resinifera,49.8,20.526043414621537,NA,mlsc,Eucalyptus resinifera,0.8205461000000001,2.1776153669716165,2189
36,Allocasuarina_torulosa,15.2,14,NA,mlsc,Allocasuarina torulosa,0.8239891190357143,0.14843423277802034,2189
37,Eucalyptus_resinifera,23.7,10,NA,mlsc,Eucalyptus resinifera,0.8205461000000001,0.2533310070972776,2189
38,Allocasuarina_torulosa,13.2,6,NA,mlsc,Allocasuarina torulosa,0.8239891190357143,0.04929357991332852,2189
39,Allocasuarina_torulosa,34.6,14,NA,mlsc,Allocasuarina torulosa,0.8239891190357143,0.7393531597146266,2189
40,Allocasuarina_torulosa,13.4,7.5,NA,mlsc,Allocasuarina torulosa,0.8239891190357143,0.06311357558501843,2189
41,Allocasuarina_torulosa,11,7.5,NA,mlsc,Allocasuarina torulosa,0.8239891190357143,0.04293512583336517,2189
42,Allocasuarina_torulosa,36.7,16,NA,mlsc,Allocasuarina torulosa,0.8239891190357143,0.9449388091171532,2189
42,Allocasuarina_torulosa,34.8,16.180838318115214,NA,mlsc,Allocasuarina torulosa,0.8239891190357143,0.8611961976483122,2189
43,Allocasuarina_torulosa,21,8.5,NA,mlsc,Allocasuarina torulosa,0.8239891190357143,0.1714112651554115,2189
44,Banksia_aquilonia,13.8,5.5,NA,mlsc,Banksia aquilonia,0.5469,0.03310176560077082,2189
45,Allocasuarina_torulosa,11.1,5,NA,mlsc,Allocasuarina torulosa,0.8239891190357143,0.02941843763812897,2189
46,Eucalyptus_resinifera,16,12.5,NA,mlsc,Eucalyptus resinifera,0.8205461000000001,0.14628707525219797,2189
48,Eucalyptus_resinifera,22.5,14,NA,mlsc,Eucalyptus resinifera,0.8205461000000001,0.3178782521533674,2189
49,Allocasuarina_torulosa,24.4,12,NA,mlsc,Allocasuarina torulosa,0.8239891190357143,0.3216771873093171,2189
49,Allocasuarina_torulosa,16.2,8.384278292580229,NA,mlsc,Allocasuarina torulosa,0.8239891190357143,0.10191315406131309,2189
50,Allocasuarina_torulosa,23.5,12,NA,mlsc,Allocasuarina torulosa,0.8239891190357143,0.298923314315424,2189
51,Allocasuarina_torulosa,26.7,6.5,NA,mlsc,Allocasuarina torulosa,0.8239891190357143,0.210818075192228,2189
52,Banksia_aquilonia,38.7,15,NA,mlsc,Banksia aquilonia,0.5469,0.6596143116985048,2189
53,Eucalyptus_resinifera,37.5,23,NA,mlsc,Eucalyptus resinifera,0.8205461000000001,1.398733513893031,2189
54,Eucalyptus_resinifera,32.3,23,NA,mlsc,Eucalyptus resinifera,0.8205461000000001,1.0451756176836386,2189
55,Eucalyptus_resinifera,12.8,14,NA,mlsc,Eucalyptus resinifera,0.8205461000000001,0.1056998574954396,2189
56,Eucalyptus_resinifera,67.3,28,NA,mlsc,Eucalyptus resinifera,0.8205461000000001,5.307514901471996,2189
57,Eucalyptus_resinifera,11.5,13,NA,mlsc,Eucalyptus resinifera,0.8205461000000001,0.07977567259261041,2189
58,Lophostemon_suaveolens,11.3,6.5,NA,mlsc,Lophostemon suaveolens,0.6692704536944445,0.03212290659807501,2189
59,Allocasuarina_torulosa,22.8,7.5,NA,mlsc,Allocasuarina torulosa,0.8239891190357143,0.1781160436685959,2189
60,Eucalyptus_resinifera,25.3,2.6,NA,mlsc,Eucalyptus resinifera,0.8205461000000001,0.07728315140664363,2189
61,Allocasuarina_torulosa,33.9,12,NA,mlsc,Allocasuarina torulosa,0.8239891190357143,0.6112025149581679,2189
62,Allocasuarina_torulosa,41.3,17,NA,mlsc,Allocasuarina torulosa,0.8239891190357143,1.2624293233663582,2189
63,Allocasuarina_torulosa,37,13,NA,mlsc,Allocasuarina torulosa,0.8239891190357143,0.7839581922525707,2189
64,Banksia_aquilonia,20.6,4.5,NA,mlsc,Banksia aquilonia,0.5469,0.05948636410925944,2189
65,Allocasuarina_torulosa,32.3,12,NA,mlsc,Allocasuarina torulosa,0.8239891190357143,0.556158584751703,2189
66,Allocasuarina_torulosa,14,7.5,NA,mlsc,Allocasuarina torulosa,0.8239891190357143,0.06874737883711793,2189
67,Allocasuarina_torulosa,19.3,9.5,NA,mlsc,Allocasuarina torulosa,0.8239891190357143,0.16203936459046914,2189
68,Eucalyptus_grandis,42.2,22,NA,mlsc,Eucalyptus grandis,0.6451661142857144,1.3337331229403862,2189
69,Allocasuarina_torulosa,13.7,8.5,NA,mlsc,Allocasuarina torulosa,0.8239891190357143,0.07446391127624712,2189
70,Allocasuarina_torulosa,13.1,10,NA,mlsc,Allocasuarina torulosa,0.8239891190357143,0.07995911795413764,2189
71,Eucalyptus_resinifera,42.5,25.5,NA,mlsc,Eucalyptus resinifera,0.8205461000000001,1.9750495050205985,2189
71,Eucalyptus_resinifera,22.8,11.477512938098569,NA,mlsc,Eucalyptus resinifera,0.8205461000000001,0.2687075341611772,2189
72,Allocasuarina_torulosa,18.4,8,NA,mlsc,Allocasuarina torulosa,0.8239891190357143,0.12482300780606212,2189
73,Eucalyptus_resinifera,10.2,9,NA,mlsc,Eucalyptus resinifera,0.8205461000000001,0.0440867213885719,2189
74,Allocasuarina_torulosa,24,10.5,NA,mlsc,Allocasuarina torulosa,0.8239891190357143,0.27340567526793425,2189
75,Eucalyptus_resinifera,26.8,13,NA,mlsc,Eucalyptus resinifera,0.8205461000000001,0.4160134846005371,2189
76,Eucalyptus_resinifera,11.4,8.5,NA,mlsc,Eucalyptus resinifera,0.8205461000000001,0.0518048856631807,2189
77,Eucalyptus_resinifera,28.9,14,NA,mlsc,Eucalyptus resinifera,0.8205461000000001,0.518171031654031,2189
78,Allocasuarina_torulosa,12.6,1.8,NA,mlsc,Allocasuarina torulosa,0.8239891190357143,0.01390028467503743,2189
79,Allocasuarina_torulosa,27,15,NA,mlsc,Allocasuarina torulosa,0.8239891190357143,0.48735066391202664,2189
80,Allocasuarina_torulosa,28.5,13,NA,mlsc,Allocasuarina torulosa,0.8239891190357143,0.4709993460556439,2189
81,Allocasuarina_torulosa,35.8,14,NA,mlsc,Allocasuarina torulosa,0.8239891190357143,0.7902328082149855,2189
82,Allocasuarina_torulosa,25.3,8,NA,mlsc,Allocasuarina torulosa,0.8239891190357143,0.23241358522972955,2189
82,Allocasuarina_torulosa,19.5,9.975043419308308,NA,mlsc,Allocasuarina torulosa,0.8239891190357143,0.17339749799600246,2189
83,Allocasuarina_torulosa,23.3,8,NA,mlsc,Allocasuarina torulosa,0.8239891190357143,0.19790146570486425,2189
84,Banksia_aquilonia,11,4.5,NA,mlsc,Banksia aquilonia,0.5469,0.01748022958338916,2189
85,Allocasuarina_torulosa,21.8,7.5,NA,mlsc,Allocasuarina torulosa,0.8239891190357143,0.16318539766667894,2189
86,Eucalyptus_resinifera,10.1,9,NA,mlsc,Eucalyptus resinifera,0.8205461000000001,0.04324696044395283,2189
87,Allocasuarina_torulosa,32.8,12.4,NA,mlsc,Allocasuarina torulosa,0.8239891190357143,0.591724747768395,2189
88,Allocasuarina_torulosa,27.5,10,NA,mlsc,Allocasuarina torulosa,0.8239891190357143,0.34004143785873675,2189
89,Banksia_aquilonia,31.4,13.5,NA,mlsc,Banksia aquilonia,0.5469,0.3957542874391714,2189
90,Allocasuarina_torulosa,17.5,8,NA,mlsc,Allocasuarina torulosa,0.8239891190357143,0.11318282352485592,2189
91,Banksia_aquilonia,44.9,20,NA,mlsc,Banksia aquilonia,0.5469,1.16735602955575,2189
92,Banksia_aquilonia,28.7,14,NA,mlsc,Banksia aquilonia,0.5469,0.3440484635245206,2189
93,Allocasuarina_torulosa,24.3,11,NA,mlsc,Allocasuarina torulosa,0.8239891190357143,0.2931278835677957,2189
94,Eucalyptus_resinifera,119.1,26,NA,mlsc,Eucalyptus resinifera,0.8205461000000001,15.044346387599823,2189
95,Eucalyptus_resinifera,15.8,12.5,NA,mlsc,Eucalyptus resinifera,0.8205461000000001,0.14273891283520349,2189
96,Allocasuarina_torulosa,15.7,8,NA,mlsc,Allocasuarina torulosa,0.8239891190357143,0.09157277483569189,2189
97,Allocasuarina_torulosa,18.3,14,NA,mlsc,Allocasuarina torulosa,0.8239891190357143,0.21324551977350345,2189
98,Allocasuarina_torulosa,16.4,12.5,NA,mlsc,Allocasuarina torulosa,0.8239891190357143,0.15413944454819176,2189
99,Allocasuarina_torulosa,17.8,12.5,NA,mlsc,Allocasuarina torulosa,0.8239891190357143,0.18086662837538553,2189
100,Banksia_aquilonia,17.5,8,NA,mlsc,Banksia aquilonia,0.5469,0.07586462156530005,2189
101,Allocasuarina_torulosa,11.4,7,NA,mlsc,Allocasuarina torulosa,0.8239891190357143,0.04303763345566817,2189
102,Allocasuarina_torulosa,24.1,14,NA,mlsc,Allocasuarina torulosa,0.8239891190357143,0.364983015896684,2189
103,Allocasuarina_torulosa,30.7,15,NA,mlsc,Allocasuarina torulosa,0.8239891190357143,0.6262007786835387,2189
104,Allocasuarina_torulosa,21.5,14,NA,mlsc,Allocasuarina torulosa,0.8239891190357143,0.29207558965275504,2189
104,Allocasuarina_torulosa,19,9.7395898746165,NA,mlsc,Allocasuarina torulosa,0.8239891190357143,0.16102642386478197,2189
105,Eucalyptus_resinifera,17.5,13,NA,mlsc,Eucalyptus resinifera,0.8205461000000001,0.18105001332001305,2189
106,Eucalyptus_resinifera,41.2,22,NA,mlsc,Eucalyptus resinifera,0.8205461000000001,1.609398085615584,2189
107,Eucalyptus_resinifera,21.3,15,NA,mlsc,Eucalyptus resinifera,0.8205461000000001,0.3055213982535753,2189
108,Allocasuarina_torulosa,25.6,14,NA,mlsc,Allocasuarina torulosa,0.8239891190357143,0.41063862842701326,2189
109,Allocasuarina_torulosa,28.1,13,NA,mlsc,Allocasuarina torulosa,0.8239891190357143,0.45818184200112655,2189
110,Eucalyptus_resinifera,48.3,25.5,NA,mlsc,Eucalyptus resinifera,0.8205461000000001,2.535289708794782,2189
110,Eucalyptus_resinifera,35.6,16.45325212160015,NA,mlsc,Eucalyptus resinifera,0.8205461000000001,0.9113216438463768,2189
111,Allocasuarina_torulosa,27.1,14,NA,mlsc,Allocasuarina torulosa,0.8239891190357143,0.4589141451187436,2189
112,Allocasuarina_torulosa,21,13,NA,mlsc,Allocasuarina torulosa,0.8239891190357143,0.2594987084895446,2189
113,Allocasuarina_torulosa,33.9,14,NA,mlsc,Allocasuarina torulosa,0.8239891190357143,0.7104363907918831,2189
114,Litsea_leefeana,11.5,8.5,NA,mlsc,Litsea leefeana,0.4270594375,0.02785907702025144,2189
1,Eucalyptus_cullenii,21.1,8.7172099822226,NA,pnw,Eucalyptus cullenii,0.9771175,0.20941651729831093,812
2,Eucalyptus_cullenii,32,11.22827610920876,NA,pnw,Eucalyptus cullenii,0.9771175,0.6044515004960161,812
3,Eucalyptus_cullenii,27,10.391147494117908,NA,pnw,Eucalyptus cullenii,0.9771175,0.40224326897035473,812
4,Eucalyptus_cullenii,27.4,10.475675845822924,NA,pnw,Eucalyptus cullenii,0.9771175,0.417243820599434,812
4,Eucalyptus_cullenii,29,10.781236400951045,NA,pnw,Eucalyptus cullenii,0.9771175,0.4793895335590995,812
5,Eucalyptus_cullenii,23.8,9.58670093914937,NA,pnw,Eucalyptus cullenii,0.9771175,0.2906634822059531,812
6,Eucalyptus_cullenii,19.3,8.037110596208093,NA,pnw,Eucalyptus cullenii,0.9771175,0.16255058836334332,812
7,Eucalyptus_cullenii,24.6,9.81004887468221,NA,pnw,Eucalyptus cullenii,0.9771175,0.31708779412997434,812
8,Eucalyptus_cullenii,20.2,8.387120803642999,NA,pnw,Eucalyptus cullenii,0.9771175,0.185223119703518,812
8,Eucalyptus_cullenii,15.7,6.452121801714172,NA,pnw,Eucalyptus cullenii,0.9771175,0.0876736223070576,812
9,Eucalyptus_cullenii,22.3,9.125964360370697,NA,pnw,Eucalyptus cullenii,0.9771175,0.24396431343364644,812
10,Eucalyptus_cullenii,17,7.056306562176751,NA,pnw,Eucalyptus cullenii,0.9771175,0.11175089478385364,812
11,Eucalyptus_cullenii,25.6,10.06800959052253,NA,pnw,Eucalyptus cullenii,0.9771175,0.35152848194466113,812
12,Eucalyptus_cullenii,20.1,8.349207818921887,NA,pnw,Eucalyptus cullenii,0.9771175,0.1826281086450171,812
13,Eucalyptus_cullenii,23.5,9.4989688270844,NA,pnw,Eucalyptus cullenii,0.9771175,0.2810216809541305,812
14,Eucalyptus_cullenii,10.7,3.915273452664131,NA,pnw,Eucalyptus cullenii,0.9771175,0.02547393733073958,812
15,Eucalyptus_cullenii,10.4,3.759293267048583,NA,pnw,Eucalyptus cullenii,0.9771175,0.02316092333112891,812
16,Eucalyptus_cullenii,20.4,8.462207702245838,NA,pnw,Eucalyptus cullenii,0.9771175,0.1904694343073823,812
17,Eucalyptus_cullenii,19.1,7.956669533615196,NA,pnw,Eucalyptus cullenii,0.9771175,0.1577226388637524,812
18,Eucalyptus_cullenii,18.4,7.667673034024744,NA,pnw,Eucalyptus cullenii,0.9771175,0.1414357450438599,812
19,Eucalyptus_cullenii,21.3,8.787829274400925,NA,pnw,Eucalyptus cullenii,0.9771175,0.21499510450948775,812
20,Melaleuca_stenostachya,14.2,5.718178120082107,NA,pnw,Melaleuca stenostachya,0.7405,0.04886769660754477,812
21,Eucalyptus_cullenii,22.3,9.125964360370697,NA,pnw,Eucalyptus cullenii,0.9771175,0.24396431343364644,812
22,Eucalyptus_cullenii,13.6,5.415701071503118,NA,pnw,Eucalyptus cullenii,0.9771175,0.05583648284702839,812
23,Eucalyptus_cullenii,16.9,7.011019250209033,NA,pnw,Eucalyptus cullenii,0.9771175,0.1097792834807114,812
24,Eucalyptus_cullenii,21.3,8.787829274400925,NA,pnw,Eucalyptus cullenii,0.9771175,0.21499510450948775,812
25,Eucalyptus_cullenii,22,9.027141003441464,NA,pnw,Eucalyptus cullenii,0.9771175,0.23508733157593317,812
26,Eucalyptus_cullenii,19.5,8.116591176437476,NA,pnw,Eucalyptus cullenii,0.9771175,0.1674554927736756,812
27,Eucalyptus_cullenii,19.7,8.195104717308322,NA,pnw,Eucalyptus cullenii,0.9771175,0.1724369788926306,812
28,Eucalyptus_cullenii,16,6.594417384582216,NA,pnw,Eucalyptus cullenii,0.9771175,0.09293119809899036,812
29,Terminalia_aridicola,11.8,4.488326561309551,NA,pnw,Terminalia aridicola,0.654,0.0238104194367384,812
30,Eucalyptus_cullenii,20,8.3110491465484575,NA,pnw,Eucalyptus cullenii,0.9771175,0.18005193552518334,812
31,Eucalyptus_cullenii,16.5,6.82783017706402,NA,pnw,Eucalyptus cullenii,0.9771175,0.10209200133895233,812
32,Eucalyptus_cullenii,17.7,7.367387745529715,NA,pnw,Eucalyptus cullenii,0.9771175,0.12610867172060505,812
33,Eucalyptus_cullenii,14.1,5.668072821155503,NA,pnw,Eucalyptus cullenii,0.9771175,0.0626371244333422,812
34,Eucalyptus_cullenii,16.4,6.781533560961532,NA,pnw,Eucalyptus cullenii,0.9771175,0.1002199933302683,812
35,Eucalyptus_cullenii,19.7,8.195104717308322,NA,pnw,Eucalyptus cullenii,0.9771175,0.1724369788926306,812
36,Eucalyptus_cullenii,20.5,8.499380709531792,NA,pnw,Eucalyptus cullenii,0.9771175,0.1931206246903051,812
37,Eucalyptus_cullenii,25.1,9.94193266068514,NA,pnw,Eucalyptus cullenii,0.9771175,0.3341163702175318,812
37,Eucalyptus_cullenii,22.4,9.15840797555563,NA,pnw,Eucalyptus cullenii,0.9771175,0.24695826808971935,812
38,Eucalyptus_cullenii,15.5,6.356363852799123,NA,pnw,Eucalyptus cullenii,0.9771175,0.08426793407432798,812
39,Eucalyptus_cullenii,15.3,6.25991583366954,NA,pnw,Eucalyptus cullenii,0.9771175,0.08094157593337205,812
40,Eucalyptus_cullenii,14,5.6178396087223,NA,pnw,Eucalyptus cullenii,0.9771175,0.06123852618666879,812
41,Eucalyptus_cullenii,17.7,7.367387745529715,NA,pnw,Eucalyptus cullenii,0.9771175,0.12610867172060505,812
42,Eucalyptus_cullenii,16.1,6.641481156406993,NA,pnw,Eucalyptus cullenii,0.9771175,0.09472352009495602,812
43,Eucalyptus_cullenii,17.3,7.19091255864486,NA,pnw,Eucalyptus cullenii,0.9771175,0.11778508986237288,812
44,Eucalyptus_cullenii,16.4,6.781533560961532,NA,pnw,Eucalyptus cullenii,0.9771175,0.1002199933302683,812
45,Eucalyptus_cullenii,16.8,6.965525887207932,NA,pnw,Eucalyptus cullenii,0.9771175,0.10782758224859491,812
46,Eucalyptus_cullenii,16.2,6.688356713454342,NA,pnw,Eucalyptus cullenii,0.9771175,0.09653575607071008,812
47,Eucalyptus_cullenii,23.5,9.4989688270844,NA,pnw,Eucalyptus cullenii,0.9771175,0.2810216809541305,812
48,Eucalyptus_cullenii,11.3,4.227873039950887,NA,pnw,Eucalyptus cullenii,0.9771175,0.03054268866103074,812
49,Eucalyptus_cullenii,18.7,7.79293565344792,NA,pnw,Eucalyptus cullenii,0.9771175,0.14829899667000382,812
50,Eucalyptus_cullenii,16,6.594417384582216,NA,pnw,Eucalyptus cullenii,0.9771175,0.09293119809899036,812
51,Eucalyptus_cullenii,13.9,5.567482110422606,NA,pnw,Eucalyptus cullenii,0.9771175,0.05985921830152743,812
52,Eucalyptus_cullenii,24.9,9.889882060485386,NA,pnw,Eucalyptus cullenii,0.9771175,0.32725838594815404,812
53,Eucalyptus_cullenii,20.4,8.462207702245838,NA,pnw,Eucalyptus cullenii,0.9771175,0.1904694343073823,812
54,Eucalyptus_cullenii,22.3,9.125964360370697,NA,pnw,Eucalyptus cullenii,0.9771175,0.24396431343364644,812
55,Eucalyptus_cullenii,10.4,3.759293267048583,NA,pnw,Eucalyptus cullenii,0.9771175,0.02316092333112891,812
55,Eucalyptus_cullenii,10.9,4.019415725303032,NA,pnw,Eucalyptus cullenii,0.9771175,0.02709709124357627,812
56,Terminalia_aridicola,10.4,3.759293267048583,NA,pnw,Terminalia aridicola,0.654,0.0156520664429903,812
57,Eucalyptus_cullenii,25.6,10.06800959052253,NA,pnw,Eucalyptus cullenii,0.9771175,0.35152848194466113,812
58,Eucalyptus_cullenii,28.3,10.65379649087933,NA,pnw,Eucalyptus cullenii,0.9771175,0.45178784872346733,812
59,Eucalyptus_cullenii,22.5,9.190603219119692,NA,pnw,Eucalyptus cullenii,0.9771175,0.24996958466910835,812
60,Eucalyptus_cullenii,18.2,7.583009769022714,NA,pnw,Eucalyptus cullenii,0.9771175,0.13695815559857455,812
61,Eucalyptus_cullenii,22,9.027141003441464,NA,pnw,Eucalyptus cullenii,0.9771175,0.23508733157593317,812
62,Eucalyptus_cullenii,18,7.497434787537367,NA,pnw,Eucalyptus cullenii,0.9771175,0.13255919404383465,812
63,Eucalyptus_cullenii,15.1,6.162800460243078,NA,pnw,Eucalyptus cullenii,0.9771175,0.07769437288671706,812
64,Petalostigma_banksii,12.8,5.006444150678975,NA,pnw,NA,NA,NA,812
65,Eucalyptus_cullenii,23.9,9.615459914663829,NA,pnw,Eucalyptus cullenii,0.9771175,0.2939101710985055,812
66,Eucalyptus_cullenii,17,7.056306562176751,NA,pnw,Eucalyptus cullenii,0.9771175,0.11175089478385364,812
67,Eucalyptus_cullenii,19,7.916091058798672,NA,pnw,Eucalyptus cullenii,0.9771175,0.1553376333914873,812
68,Eucalyptus_cullenii,27.8,10.556871653923876,NA,pnw,Eucalyptus cullenii,0.9771175,0.43246301341480414,812
69,Eucalyptus_cullenii,14.2,5.718178120082107,NA,pnw,Eucalyptus cullenii,0.9771175,0.06405506497599193,812
70,Eucalyptus_cullenii,18.5,7.709659455441894,NA,pnw,Eucalyptus cullenii,0.9771175,0.14370394711587536,812
71,Terminalia_aridicola,10.3,3.7073849199824425,NA,pnw,Terminalia aridicola,0.654,0.01515260366930178,812
72,Eucalyptus_cullenii,23.2,9.409041905448609,NA,pnw,Eucalyptus cullenii,0.9771175,0.2715288575472924,812
73,Eucalyptus_cullenii,27.7,10.536880989207686,NA,pnw,Eucalyptus cullenii,0.9771175,0.4286379576764113,812
74,Eucalyptus_cullenii,15,6.113999864554496,NA,pnw,Eucalyptus cullenii,0.9771175,0.07610039044113712,812
75,Eucalyptus_cullenii,21.7,8.926075349057975,NA,pnw,Eucalyptus cullenii,0.9771175,0.2263691440141849,812
76,Eucalyptus_cullenii,34.3,11.477950218555137,NA,pnw,Eucalyptus cullenii,0.9771175,0.7071716597321476,812
77,Melaleuca_stenostachya,13.1,5.160602871698087,NA,pnw,Melaleuca stenostachya,0.7405,0.03777293435164489,812
78,Eucalyptus_cullenii,31.6,11.177214435706508,NA,pnw,Eucalyptus cullenii,0.9771175,0.5871727536573457,812
79,Terminalia_aridicola,13.5,5.364883900000302,NA,pnw,Terminalia aridicola,0.654,0.03685372092091636,812
80,Eucalyptus_cullenii,27,10.391147494117908,NA,pnw,Eucalyptus cullenii,0.9771175,0.40224326897035473,812
81,Eucalyptus_cullenii,27.2,10.433832924069364,NA,pnw,Eucalyptus cullenii,0.9771175,0.4097159380530579,812
82,Eucalyptus_cullenii,12.9,5.057912245758838,NA,pnw,Eucalyptus cullenii,0.9771175,0.04711402698743364,812
83,Eucalyptus_cullenii,17,7.056306562176751,NA,pnw,Eucalyptus cullenii,0.9771175,0.11175089478385364,812
2,Polyscias_australiana,15,NA,NA,dro,Polyscias australiana,0.4827225,0.06622551224586358,4458
3,Normanbya_normanbyi,14.7,NA,NA,dro,Normanbya normanbyi,0.8827625,0.10962755525871196,4458
4,Podocarpus_grayae,31.5,NA,NA,dro,Podocarpus grayae,0.473775,0.4195054139318699,4458
5,Sloanea_langii,26.2,NA,NA,dro,Sloanea langii,0.5855225,0.32247872940385697,4458
6,Macaranga_subdentata,12,NA,NA,dro,Macaranga subdentata,0.4320000000000001,0.03380484974008963,4458
7,Macaranga_subdentata,11.2,NA,NA,dro,Macaranga subdentata,0.4320000000000001,0.02831373361155033,4458
8,Licuala_ramsayi,11.7,NA,NA,dro,Licuala ramsayi,0.6602,0.04680060679740186,4458
9,Macaranga_subdentata,24.1,NA,NA,dro,Macaranga subdentata,0.4320000000000001,0.19785126588817448,4458
10,Macaranga_subdentata,11,NA,NA,dro,Macaranga subdentata,0.4320000000000001,0.02703092004735693,4458
11,Licuala_ramsayi,12.9,NA,NA,dro,Licuala ramsayi,0.6602,0.0601131360383686,4458
12,Endiandra_hypotephra,25.3,NA,NA,dro,Endiandra hypotephra,0.62220875,0.3125371582764951,4458
13,Medicosma_fareana,11.5,NA,NA,dro,Medicosma fareana,0.6759425,0.04575425218655522,4458
14,Licuala_ramsayi,12.5,NA,NA,dro,Licuala ramsayi,0.6602,0.05545466852283432,4458
15,Syzygium_kuranda,33.6,NA,NA,dro,Syzygium kuranda,0.6855122127142856,0.6914014759550622,4458
16,Macaranga_subdentata,26,NA,NA,dro,Macaranga subdentata,0.4320000000000001,0.23915172592662529,4458
17,Medicosma_fareana,12,NA,NA,dro,Medicosma fareana,0.6759425,0.05103836353610209,4458
18,Flindersia_bourjotiana,29.5,NA,NA,dro,Flindersia bourjotiana,0.5350248889166667,0.3987236185943154,4458
19,Macaranga_subdentata,11.2,NA,NA,dro,Macaranga subdentata,0.4320000000000001,0.02831373361155033,4458
20,Macaranga_subdentata,16.4,NA,NA,dro,Macaranga subdentata,0.4320000000000001,0.0750139090911384,4458
21,Brombya_platynema,11.7,NA,NA,dro,Melicope platynema,0.5609850000000001,0.04028733062753342,4458
22,Flindersia_bourjotiana,38.2,NA,NA,dro,Flindersia bourjotiana,0.5350248889166667,0.7551789573358154,4458
23,Macaranga_subdentata,17.1,NA,NA,dro,Macaranga subdentata,0.4320000000000001,0.08339956507778692,4458
24,Macaranga_subdentata,16.1,NA,NA,dro,Macaranga subdentata,0.4320000000000001,0.07157994025548263,4458
25,Normanbya_normanbyi,10.4,NA,NA,dro,Normanbya normanbyi,0.8827625,0.04515440859734038,4458
26,Ormosia_ormondii,74.5,NA,NA,dro,Ormosia ormondii,0.4691225,3.388695140137409,4458
27,Macaranga_subdentata,12.8,NA,NA,dro,Macaranga subdentata,0.4320000000000001,0.03988580280063891,4458
28,Macaranga_subdentata,11.5,NA,NA,dro,Macaranga subdentata,0.4320000000000001,0.03030496107193159,4458
29,Licuala_ramsayi,13.2,NA,NA,dro,Licuala ramsayi,0.6602,0.06375469021228884,4458
30,Cryptocarya_mackinnoniana,16,NA,NA,dro,Cryptocarya mackinnoniana,0.6498410195925927,0.10258873837420192,4458
31,Macaranga_subdentata,10.5,NA,NA,dro,Macaranga subdentata,0.4320000000000001,0.02397800313726725,4458
32,Macaranga_subdentata,12.5,NA,NA,dro,Macaranga subdentata,0.4320000000000001,0.03753516148140898,4458
33,Macaranga_subdentata,14,NA,NA,dro,Macaranga subdentata,0.4320000000000001,0.05015235963836345,4458
34,Normanbya_normanbyi,13.3,NA,NA,dro,Normanbya normanbyi,0.8827625,0.08491756763931181,4458
35,Cerbera_floribunda,26.9,NA,NA,dro,Cerbera floribunda,0.44476,0.2673957324390823,4458
36,Macaranga_subdentata,11.8,NA,NA,dro,Macaranga subdentata,0.4320000000000001,0.03237749652505736,4458
37,Licuala_ramsayi,11.2,NA,NA,dro,Licuala ramsayi,0.6602,0.04183087670609954,4458
38,Macaranga_subdentata,16.7,NA,NA,dro,Macaranga subdentata,0.4320000000000001,0.078543470028925,4458
39,Brombya_platynema,11,NA,NA,dro,Melicope platynema,0.5609850000000001,0.03437776683931452,4458
40,Austromuellera_trinervia,10.3,NA,NA,dro,Austromuellera trinervia,0.5940449999999999,0.03058950889413191,4458
41,Macaranga_subdentata,13.3,NA,NA,dro,Macaranga subdentata,0.4320000000000001,0.0439939654397573,4458
42,Litsea_fawcettiana,20,NA,NA,dro,Litsea fawcettiana,0.5113,0.14467190336457098,4458
43,Elaeocarpus_bancroftii,30.8,NA,NA,dro,Elaeocarpus bancroftii,0.7407975,0.5986790276119036,4458
44,Beilschmiedia_bancroftii,34.6,NA,NA,dro,Beilschmiedia bancroftii,0.5553684444285715,0.6124170111230407,4458
45,Licuala_ramsayi,11.5,NA,NA,dro,Licuala ramsayi,0.6602,0.04477272787739929,4458
46,NA_NA,11.9,NA,NA,dro,NA,NA,NA,4458
47,Acacia_celsa,99,NA,NA,dro,Racosperma celsum,0.5748500000000001,8.048656359177246,4458
48,Endiandra_monothyra,21,NA,NA,dro,Endiandra monothyra,0.65125,0.2043632493176172,4458
49,Garcinia_warrenii,16.8,NA,NA,dro,Garcinia warrenii,0.7951,0.1397941662974295,4458
50,Elaeocarpus_bancroftii,45.4,NA,NA,dro,Elaeocarpus bancroftii,0.7407975,1.5557491914749946,4458
51,Macaranga_subdentata,13.3,NA,NA,dro,Macaranga subdentata,0.4320000000000001,0.0439939654397573,4458
52,Endiandra_impressicosta,11,NA,NA,dro,Endiandra impressicosta,0.6825,0.04117532319918599,4458
53,Macaranga_subdentata,11.5,NA,NA,dro,Macaranga subdentata,0.4320000000000001,0.03030496107193159,4458
54,Macaranga_subdentata,12.5,NA,NA,dro,Macaranga subdentata,0.4320000000000001,0.03753516148140898,4458
55,Melicope_jonesii,53.6,NA,NA,dro,Melicope jonesii,0.53395,1.7247501754714103,4458
56,Decaspermum_humile,35.7,NA,NA,dro,Decaspermum humile,0.68892875,0.8066909667882628,4458
57,Gardenia_ovularis,12,NA,NA,dro,Gardenia ovularis,0.7164625,0.05384727264164379,4458
58,Licuala_ramsayi,14.1,NA,NA,dro,Licuala ramsayi,0.6602,0.07545327479269057,4458
59,Licuala_ramsayi,13.2,NA,NA,dro,Licuala ramsayi,0.6602,0.06375469021228884,4458
60,Licuala_ramsayi,12.9,NA,NA,dro,Licuala ramsayi,0.6602,0.0601131360383686,4458
61,Macaranga_subdentata,22.3,NA,NA,dro,Macaranga subdentata,0.4320000000000001,0.16288360212680836,4458
62,Planchonella_chartacea,17.5,NA,NA,dro,Planchonella chartacea,0.7392996833500001,0.1449833713410401,4458
63,Normanbya_normanbyi,13.5,NA,NA,dro,Normanbya normanbyi,0.8827625,0.08821958777781798,4458
65,Licuala_ramsayi,12.1,NA,NA,dro,Licuala ramsayi,0.6602,0.05101827400709293,4458
67,Planchonella_chartacea,41,NA,NA,dro,Planchonella chartacea,0.7392996833500001,1.2098914006590429,4458
68,Ormosia_ormondii,17.5,NA,NA,dro,Ormosia ormondii,0.4691225,0.09539819126651196,4458
69,Licuala_ramsayi,12.5,NA,NA,dro,Licuala ramsayi,0.6602,0.05545466852283432,4458
70,Polyscias_australiana,17.4,NA,NA,dro,Polyscias australiana,0.4827225,0.09652969756373392,4458
71,Macaranga_subdentata,21.1,NA,NA,dro,Macaranga subdentata,0.4320000000000001,0.14175724146742902,4458
71,Macaranga_subdentata,12.5,NA,NA,dro,Macaranga subdentata,0.4320000000000001,0.03753516148140898,4458
72,Beilschmiedia_bancroftii,20,NA,NA,dro,Beilschmiedia bancroftii,0.5553684444285715,0.15610816860024251,4458
73,Macaranga_subdentata,14.9,NA,NA,dro,Macaranga subdentata,0.4320000000000001,0.05878436015154723,4458
74,Licuala_ramsayi,14,NA,NA,dro,Licuala ramsayi,0.6602,0.07409539135087848,4458
75,Flindersia_bourjotiana,34.8,NA,NA,dro,Flindersia bourjotiana,0.5350248889166667,0.6002208569795198,4458
76,Austromuellera_trinervia,18.8,NA,NA,dro,Austromuellera trinervia,0.5940449999999999,0.14209041907259456,4458
77,Endiandra_microneura,62.9,NA,NA,dro,Endiandra microneura,0.6527499999999999,3.0564943991558304,4458
78,Backhousia_hughesii,11.7,NA,NA,dro,Backhousia hughesii,0.8698049999999999,0.06031792105155648,4458
79,Austromuellera_trinervia,16.9,NA,NA,dro,Austromuellera trinervia,0.5940449999999999,0.10852209306062502,4458
80,Flindersia_bourjotiana,31.5,NA,NA,dro,Flindersia bourjotiana,0.5350248889166667,0.4691672698875988,4458
81,Licuala_ramsayi,18,NA,NA,dro,Licuala ramsayi,0.6602,0.14029626737530848,4458
82,Syzygium_kuranda,41.2,NA,NA,dro,Syzygium kuranda,0.6855122127142856,1.1421970282075802,4458
83,Lepidozamia_hopei,16.5,NA,NA,dro,Lepidozamia hopei,0.885,0.14738585226300444,4458
84,Emmenosperma_cunninghamii,16.7,NA,NA,dro,Emmenosperma cunninghamii,0.6339,0.1117798090484498,4458
85,Macaranga_subdentata,11.9,NA,NA,dro,Macaranga subdentata,0.4320000000000001,0.03308658252063164,4458
86,Macaranga_subdentata,15.7,NA,NA,dro,Macaranga subdentata,0.4320000000000001,0.06714867682313652,4458
88,Xylopia_maccreae,18.1,NA,NA,dro,Xylopia maccreai,0.6281,0.13589691402629392,4458
89,Macaranga_subdentata,14.1,NA,NA,dro,Macaranga subdentata,0.4320000000000001,0.05107145942958049,4458
90,Flindersia_bourjotiana,45,NA,NA,dro,Flindersia bourjotiana,0.5350248889166667,1.128480951773629,4458
91,Flindersia_bourjotiana,52.4,NA,NA,dro,Flindersia bourjotiana,0.5350248889166667,1.6354693503655082,4458
92,Endiandra_microneura,38.5,NA,NA,dro,Endiandra microneura,0.6527499999999999,0.9244584794450674,4458
93,Brombya_platynema,10.7,NA,NA,dro,Melicope platynema,0.5609850000000001,0.0320148034333702,4458
94,Licuala_ramsayi,12.8,NA,NA,dro,Licuala ramsayi,0.6602,0.05892751984488167,4458
95,Macaranga_subdentata,21.6,NA,NA,dro,Macaranga subdentata,0.4320000000000001,0.1503506588707664,4458
96,Brombya_platynema,12.6,NA,NA,dro,Melicope platynema,0.5609850000000001,0.04872150334867085,4458
97,Macaranga_subdentata,12.3,NA,NA,dro,Macaranga subdentata,0.4320000000000001,0.03601509906045005,4458
98,Cerbera_floribunda,31.7,NA,NA,dro,Cerbera floribunda,0.44476,0.4020577992897313,4458
99,Macaranga_subdentata,13.5,NA,NA,dro,Macaranga subdentata,0.4320000000000001,0.04570467105572423,4458
100,a_liana,10.2,NA,NA,dro,NA,NA,NA,4458
102,Macaranga_subdentata,20,NA,NA,dro,Macaranga subdentata,0.4320000000000001,0.12388829319033089,4458
103,Macaranga_subdentata,17.4,NA,NA,dro,Macaranga subdentata,0.4320000000000001,0.08715511800051325,4458
104,Ormosia_ormondii,12.7,NA,NA,dro,Ormosia ormondii,0.4691225,0.04217388018203087,4458
105,Normanbya_normanbyi,13.1,NA,NA,dro,Normanbya normanbyi,0.8827625,0.08169019237998608,4458
106,Macaranga_subdentata,12.3,NA,NA,dro,Macaranga subdentata,0.4320000000000001,0.03601509906045005,4458
107,Litsea_leefeana,10.9,NA,NA,dro,Litsea leefeana,0.4270594375,0.02612480333789881,4458
108,Acacia_celsa,34.4,NA,NA,dro,Racosperma celsum,0.5748500000000001,0.6231761052133317,4458
109,Polyscias_australiana,10.8,NA,NA,dro,Polyscias australiana,0.4827225,0.02855681188970009,4458
110,Austromuellera_trinervia,18.9,NA,NA,dro,Austromuellera trinervia,0.5940449999999999,0.1440061258431312,4458
111,Macaranga_subdentata,20.5,NA,NA,dro,Macaranga subdentata,0.4320000000000001,0.13183514620402292,4458
112,Austromuellera_trinervia,17.8,NA,NA,dro,Austromuellera trinervia,0.5940449999999999,0.12375840633475611,4458
113,Macaranga_subdentata,18.8,NA,NA,dro,Macaranga subdentata,0.4320000000000001,0.10598964913469884,4458
114,Licuala_ramsayi,16,NA,NA,dro,Licuala ramsayi,0.6602,0.1040926904048068,4458
115,Licuala_ramsayi,13.2,NA,NA,dro,Licuala ramsayi,0.6602,0.06375469021228884,4458
116,Licuala_ramsayi,15.8,NA,NA,dro,Licuala ramsayi,0.6602,0.10081934606861874,4458
117,Macaranga_subdentata,12.6,NA,NA,dro,Macaranga subdentata,0.4320000000000001,0.03830926737506535,4458
118,Normanbya_normanbyi,11.1,NA,NA,dro,Normanbya normanbyi,0.8827625,0.05340481288135602,4458
120,Medicosma_fareana,11.6,NA,NA,dro,Medicosma fareana,0.6759425,0.04678357160097787,4458
121,Macaranga_subdentata,13.4,NA,NA,dro,Macaranga subdentata,0.4320000000000001,0.04484446759701822,4458
121,Macaranga_subdentata,11.1,NA,NA,dro,Macaranga subdentata,0.4320000000000001,0.02766788495636805,4458
122,Lepidozamia_hopei,12.9,NA,NA,dro,Lepidozamia hopei,0.885,0.07872011119809844,4458
123,Macaranga_subdentata,15.5,NA,NA,dro,Macaranga subdentata,0.4320000000000001,0.06499567679472679,4458
124,Licuala_ramsayi,11.7,NA,NA,dro,Licuala ramsayi,0.6602,0.04680060679740186,4458
125,Licuala_ramsayi,13,NA,NA,dro,Licuala ramsayi,0.6602,0.06131283634503327,4458
126,Macaranga_subdentata,15.4,NA,NA,dro,Macaranga subdentata,0.4320000000000001,0.06393473168839592,4458
127,Austromuellera_trinervia,40.2,NA,NA,dro,Austromuellera trinervia,0.5940449999999999,0.9425930230102112,4458
128,Normanbya_normanbyi,13.9,NA,NA,dro,Normanbya normanbyi,0.8827625,0.09504960670842875,4458
129,Ormosia_ormondii,31.1,NA,NA,dro,Ormosia ormondii,0.4691225,0.40275582948853406,4458
130,Medicosma_fareana,10.8,NA,NA,dro,Medicosma fareana,0.6759425,0.03892775888091318,4458
131,Medicosma_fareana,11.7,NA,NA,dro,Medicosma fareana,0.6759425,0.04782658701868041,4458
132,Licuala_ramsayi,13.7,NA,NA,dro,Licuala ramsayi,0.6602,0.0701092829263403,4458
133,Macaranga_subdentata,16,NA,NA,dro,Macaranga subdentata,0.4320000000000001,0.07045639343727951,4458
134,Flindersia_bourjotiana,38.2,NA,NA,dro,Flindersia bourjotiana,0.5350248889166667,0.7551789573358154,4458
135,Macaranga_subdentata,14.2,NA,NA,dro,Macaranga subdentata,0.4320000000000001,0.05200048835628513,4458
136,Medicosma_fareana,11.3,NA,NA,dro,Medicosma fareana,0.6759425,0.04373647720773627,4458
137,Melicope_jonesii,32,NA,NA,dro,Melicope jonesii,0.53395,0.4869239373409704,4458
138,Licuala_ramsayi,19.5,NA,NA,dro,Licuala ramsayi,0.6602,0.17171972722128662,4458
139,Melicope_vitiflora,38.1,NA,NA,dro,Melicope vitiflora,0.50525725,0.7118224256961455,4458
140,Grevillea_baileyana,45.1,NA,NA,dro,Grevillea baileyana,0.7890766666666666,1.622317408043597,4458
141,Macaranga_subdentata,17.5,NA,NA,dro,Macaranga subdentata,0.4320000000000001,0.08842873065404022,4458
142,Brombya_platynema,10.2,NA,NA,dro,Melicope platynema,0.5609850000000001,0.02829788925351917,4458
143,Brombya_platynema,12.5,NA,NA,dro,Melicope platynema,0.5609850000000001,0.0477369999771824,4458
144,Macaranga_subdentata,22.4,NA,NA,dro,Macaranga subdentata,0.4320000000000001,0.1647222381979384,4458
145,Carnarvonia_araliifolia,72.5,NA,NA,dro,Carnarvonia araliifolia,0.5855225,3.892772351533738,4458
146,Antirhea_tenuiflora,11.8,NA,NA,dro,Antirhea tenuiflora,0.6663,0.04824127542149101,4458
147,Backhousia_hughesii,17,NA,NA,dro,Backhousia hughesii,0.8698049999999999,0.156460509746791,4458
148,Niemeyera_prunifera,11.5,NA,NA,dro,Niemeyera prunifera,0.6232443750000001,0.04246116263644922,4458
149,Austromuellera_trinervia,17.2,NA,NA,dro,Austromuellera trinervia,0.5940449999999999,0.1134696933883596,4458
150,Cerbera_floribunda,27.2,NA,NA,dro,Cerbera floribunda,0.44476,0.27488651715141743,4458
151,Pitaviaster_haplophyllus,10.5,NA,NA,dro,Pitaviaster haplophyllus,0.6556,0.03519803941446222,4458
152,Licuala_ramsayi,13.6,NA,NA,dro,Licuala ramsayi,0.6602,0.06880960135966512,4458
153,Macaranga_subdentata,20.2,NA,NA,dro,Macaranga subdentata,0.4320000000000001,0.12703216949362922,4458
154,Macaranga_subdentata,11.5,NA,NA,dro,Macaranga subdentata,0.4320000000000001,0.03030496107193159,4458
155,Flindersia_bourjotiana,48.5,NA,NA,dro,Flindersia bourjotiana,0.5350248889166667,1.3548526737460804,4458
156,Macaranga_subdentata,18.9,NA,NA,dro,Macaranga subdentata,0.4320000000000001,0.10741863421180252,4458
157,Pitaviaster_haplophyllus,12.9,NA,NA,dro,Pitaviaster haplophyllus,0.6556,0.05972759404161795,4458
158,Macaranga_subdentata,11,NA,NA,dro,Macaranga subdentata,0.4320000000000001,0.02703092004735693,4458
159,Elaeocarpus_bancroftii,17.4,NA,NA,dro,Elaeocarpus bancroftii,0.7407975,0.1431616102011478,4458
160,Flindersia_bourjotiana,52.5,NA,NA,dro,Flindersia bourjotiana,0.5350248889166667,1.6430645123187195,4458
161,Antirhea_tenuiflora,14.8,NA,NA,dro,Antirhea tenuiflora,0.6663,0.08609743653107202,4458
162,Melicope_jonesii,40,NA,NA,dro,Melicope jonesii,0.53395,0.8440780723839206,4458
163,Medicosma_fareana,16.5,NA,NA,dro,Medicosma fareana,0.6759425,0.11501576952823712,4458
164,Endiandra_microneura,20,NA,NA,dro,Endiandra microneura,0.6527499999999999,0.18113175093055128,4458
165,Medicosma_fareana,10.8,NA,NA,dro,Medicosma fareana,0.6759425,0.03892775888091318,4458
166,Gomphandra_australiana,12.5,NA,NA,dro,Gomphandra australiana,0.46874,0.04046309020819626,4458
167,Carnarvonia_araliifolia,61,NA,NA,dro,Carnarvonia araliifolia,0.5855225,2.5681358889548713,4458
168,Macaranga_subdentata,16.1,NA,NA,dro,Macaranga subdentata,0.4320000000000001,0.07157994025548263,4458
169,Lepidozamia_hopei,10.1,NA,NA,dro,Lepidozamia hopei,0.885,0.04196698815600151,4458
170,Medicosma_fareana,15,NA,NA,dro,Medicosma fareana,0.6759425,0.0902765610681415,4458
171,Austromuellera_trinervia,22,NA,NA,dro,Austromuellera trinervia,0.5940449999999999,0.2110653600941972,4458
172,Macaranga_subdentata,13.3,NA,NA,dro,Macaranga subdentata,0.4320000000000001,0.0439939654397573,4458
173,Fagraea_cambagei,14.3,NA,NA,dro,Fagraea gracilipes,0.79298998266,0.09258124990360182,4458
174,Ormosia_ormondii,12.2,NA,NA,dro,Ormosia ormondii,0.4691225,0.03804878426403783,4458
175,Sloanea_langii,54.5,NA,NA,dro,Sloanea langii,0.5855225,1.9549216474689517,4458
177,Macaranga_subdentata,20.8,NA,NA,dro,Macaranga subdentata,0.4320000000000001,0.13674329089250914,4458
178,Cryptocarya_mackinnoniana,25.1,NA,NA,dro,Cryptocarya mackinnoniana,0.6498410195925927,0.3189028637164891,4458
179,Macaranga_subdentata,14.8,NA,NA,dro,Macaranga subdentata,0.4320000000000001,0.0577849451065565,4458
180,Carnarvonia_araliifolia,39,NA,NA,dro,Carnarvonia araliifolia,0.5855225,0.8634234418301752,4458
181,Medicosma_fareana,11.9,NA,NA,dro,Medicosma fareana,0.6759425,0.04995392790794168,4458
182,Macaranga_subdentata,10.2,NA,NA,dro,Macaranga subdentata,0.4320000000000001,0.02225036854476758,4458
183,Austromuellera_trinervia,32.6,NA,NA,dro,Austromuellera trinervia,0.5940449999999999,0.5624076105514876,4458
184,Elaeocarpus_bancroftii,28.2,NA,NA,dro,Elaeocarpus bancroftii,0.7407975,0.48092935482030863,4458
185,Niemeyera_prunifera,17.5,NA,NA,dro,Niemeyera prunifera,0.6232443750000001,0.12390006722409692,4458
186,Licuala_ramsayi,12.6,NA,NA,dro,Licuala ramsayi,0.6602,0.05659833712688567,4458
187,Carnarvonia_araliifolia,32,NA,NA,dro,Carnarvonia araliifolia,0.5855225,0.5300417957364427,4458
188,Sloanea_langii,29.5,NA,NA,dro,Sloanea langii,0.5855225,0.43322870522893886,4458
189,Licuala_ramsayi,18.5,NA,NA,dro,Licuala ramsayi,0.6602,0.15035588330226138,4458
190,Licuala_ramsayi,13.1,NA,NA,dro,Licuala ramsayi,0.6602,0.06252667106576938,4458
191,Carnarvonia_araliifolia,43.5,NA,NA,dro,Carnarvonia araliifolia,0.5855225,1.1285711667247624,4458
192,Carnarvonia_araliifolia,37.5,NA,NA,dro,Carnarvonia araliifolia,0.5855225,0.7840332814039513,4458
193,Licuala_ramsayi,11.9,NA,NA,dro,Licuala ramsayi,0.6602,0.04888231177968431,4458
194,Carnarvonia_araliifolia,19.1,NA,NA,dro,Carnarvonia araliifolia,0.5855225,0.14592948415569648,4458
195,Antirhea_tenuiflora,10.8,NA,NA,dro,Antirhea tenuiflora,0.6663,0.0384164461437874,4458
196,Brombya_platynema,11.3,NA,NA,dro,Melicope platynema,0.5609850000000001,0.0368419748844597,4458
197,Austromuellera_trinervia,23.1,NA,NA,dro,Austromuellera trinervia,0.5940449999999999,0.238538548072189,4458
198,Brombya_platynema,11.6,NA,NA,dro,Melicope platynema,0.5609850000000001,0.03940873339528297,4458
199,Licuala_ramsayi,13.6,NA,NA,dro,Licuala ramsayi,0.6602,0.06880960135966512,4458
200,Licuala_ramsayi,17.4,NA,NA,dro,Licuala ramsayi,0.6602,0.1287634843713358,4458
201,Macaranga_subdentata,19.9,NA,NA,dro,Macaranga subdentata,0.4320000000000001,0.12233371518012756,4458
202,Licuala_ramsayi,12.4,NA,NA,dro,Licuala ramsayi,0.6602,0.05432487986553029,4458
203,Licuala_ramsayi,16.5,NA,NA,dro,Licuala ramsayi,0.6602,0.11254844095584678,4458
204,Licuala_ramsayi,13.7,NA,NA,dro,Licuala ramsayi,0.6602,0.0701092829263403,4458
205,Licuala_ramsayi,12.8,NA,NA,dro,Licuala ramsayi,0.6602,0.05892751984488167,4458
206,Melicope_jonesii,43.9,NA,NA,dro,Melicope jonesii,0.53395,1.0602476012157576,4458
207,Licuala_ramsayi,10.5,NA,NA,dro,Licuala ramsayi,0.6602,0.0354252429811772,4458
208,Normanbya_normanbyi,12.9,NA,NA,dro,Normanbya normanbyi,0.8827625,0.07853694373674994,4458
209,Niemeyera_prunifera,10.1,NA,NA,dro,Niemeyera prunifera,0.6232443750000001,0.0303927371847466,4458
210,Austromuellera_trinervia,14.7,NA,NA,dro,Austromuellera trinervia,0.5940449999999999,0.07614065936243228,4458
211,Carnarvonia_araliifolia,30.3,NA,NA,dro,Carnarvonia araliifolia,0.5855225,0.4629763806837637,4458
213,Macaranga_subdentata,13.5,NA,NA,dro,Macaranga subdentata,0.4320000000000001,0.04570467105572423,4458
214,Brombya_platynema,12.7,NA,NA,dro,Melicope platynema,0.5609850000000001,0.04971799931107204,4458
215,Licuala_ramsayi,15.5,NA,NA,dro,Licuala ramsayi,0.6602,0.0960249954926676,4458
216,Cryptocarya_hypospodia,34.3,NA,NA,dro,Cryptocarya hypospodia,0.596936,0.6405547120335467,4458
217,Brombya_platynema,10.7,NA,NA,dro,Melicope platynema,0.5609850000000001,0.0320148034333702,4458
218,Carnarvonia_araliifolia,20.8,NA,NA,dro,Carnarvonia araliifolia,0.5855225,0.18089734540025543,4458
219,Brombya_platynema,14.1,NA,NA,dro,Melicope platynema,0.5609850000000001,0.06495238494796636,4458
220,Elaeocarpus_bancroftii,23.4,NA,NA,dro,Elaeocarpus bancroftii,0.7407975,0.3018764295476973,4458
221,Medicosma_fareana,16.4,NA,NA,dro,Medicosma fareana,0.6759425,0.1132555592435384,4458
222,Macaranga_subdentata,12.2,NA,NA,dro,Macaranga subdentata,0.4320000000000001,0.03526907219864005,4458
223,Celtis_paniculata,10.8,NA,NA,dro,Celtis paniculata,0.6095008333333334,0.03539225230574931,4458
